 Luxury Mens Watch Fashion Business Quartz Dial Casual Boy Bracelet Wrist Watch,5.16,GBP,,https://www.ebay.com/itm/Luxury-Mens-Watch-Fashion-Business-Quartz-Dial-Casual-Boy-Bracelet-Wrist-Watches/323591990195?_trkparms=ispr%3D1&hash=item4b5795ebb3:g:8LkAAOSwIkNcDgg5&enc=AQAFAAACcBaobrjLl8XobRIiIML1V4Imu%2Fn%2BzU5L90Z278x5ickk5v8gVt3hEWLVg%2F253w6XCRr7G0RXjiFZcRnsVj06XtiaM7bCSkM21EFEBXv76hIYSxcl6I376drYJ%2BQjxMlp%2FSUSizB0rNKwy32hyPFr0gSN5zLOAPBuj%2FZ3Wqeswt9NpTEUIIReC6pksA37MmxlF%2B%2FmOrGylNt563c3MyGPITFofNiHquex1QQHTMv9xsYHqDbEB%2FDJipIBYAL3m9ni0MfKOn3P%2B%2FxvsyUV4vPApDi7qA24hRxVrDd0BhIZyHlDFnMnESMJSkHCvIBBnJgju4gcinlqYXxGG8bcnTmIXYMSk1cUiOLq%2F562BZJxk%2BWbrchyv3MIsTJbI3zxE3JGGelWEeAAujMhkkQTGk0HGbA3qcyCa9JeYNZuUiepv1Nhg%2FVeSqqjYbiz%2B6F8k7aXXtvLHT8B5dnKCBko%2FcUvv4%2Bo3h2jNgOVlngqjC75I3D2kmBZ2reZH2G4cwMnTKNStS9HkUaS3WJNtsOv2aTFDKr0QBgvxJdJPCcr1xzdjfxFJEayRGlo2NTCE2tGxSd58hJXRtObaUjeFkbNFWRLFRFdgDQ3hlT6dSDzg3KiG%2Fe8fQ8HMlKR6fT8ZknWBOvxoPZf0Vy%2B0Y6Vj9WUBBePbuNnMDQBXbQLYKdwKE%2BzDboJCb3Vd3arHWZAIVyK%2B5ee5PqmXgoRi%2FnOwyKvY10lwtZueuWewb2dKOrrvEPi8R7%2BaeibwohnfbrNLtnuKyVOd3ejBB1Y64QATfEUztQYQurhSmnj556DiigtreZzwiaEbQYfV2je3O0t%2BgSfifEMHA%3D%3D&checksum=323591990195b9ef3ec8b2274507b10ed08bc4b3ab8e
 Men's Watch Pobeda Pilot Soviet USSR Mechanical ZIM WristWatch MILITARY,$78.99,US,,https://www.ebay.com/itm/Mens-Watch-Pobeda-Pilot-Soviet-USSR-Mechanical-ZIM-WristWatch-MILITARY/392771373142?_trkparms=ispr%3D1&hash=item5b72ff8856:g:xp4AAOSwV7ZensfJ&enc=AQAFAAACYBaobrjLl8XobRIiIML1V4Imu%2Fn%2BzU5L90Z278x5ickkyMJZWL%2BqFSgQ3TOOe%2FNr7qqvxdThhWSRawICq2Zyj9JViLhMUiy6LTZYxs%2FgTtLI3lYg%2FFBCd%2BO0BF8KP%2FAE%2FIrSlDTL%2BAAsM47VObZ3qFRtMWuvfi6%2FMsJnXWdhM1hGYOckbJll%2B1e6N%2Bzp9PgIvUki0ly0bYmHfYYskhBg%2BGxQ7tSdUrnKA%2Bqve4uDlYRaGWtPG2FVoh4dezH%2FZKVfOJssdOzcHhQQgKKjvt3olfXYmgcdqPx%2FyHhQipTFtniw0EPDEe178hG4fxzXKwKnF%2BU23eAl%2BjxhT9VDp0cRy%2B4BEyMKHoFq5aMAZCEMaiHK7vgBeRRE%2FdzuWEMv8F%2FeQG%2FPIuva7sE24u2ipfWYNsPYyNXfOadTMRfHf2WlCn1UMOZ44liThDhqPIcX34C0%2BYzlkV%2Bs%2FKuW5AJP9vKhS36VKmWzkrHbpt7m%2BcWHmYhPON3az1w2DqkEf5fCMZ41IXtX7QSEaEG8VZoXVw%2FAyHGELMIh7BqCs0tLYVpJ7DVpchsJ7EdKOkdUoDgAa5JTs2PWNo%2Bs3TlPqthx5f7CfI1%2BxBwWMXOf5S%2BSCS70t%2BGs1paoghxwSp4s1VuE%2FsI%2FHUXaa3baSE6FpR6ZEbZFufc%2F2ukA3WKTc6wqu1Hm79%2FaEHWeu4EFDKY3Oj9kBojscTVYe2oPUor6chH5FlnPDvi4GR%2FUTvG3X5Y7MAhQI0Sz8iwtshHm2VxxkI7JRK73CDXzWQx7eUJ5ZI5FoolsJo0%2Bf8uTgtn4bKaZuGMnWuVr&checksum=392771373142b9ef3ec8b2274507b10ed08bc4b3ab8e
 Fashion Sport Men's Stainless Steel Case Leather Band Quartz Analog Wrist Watch,$0.99,US,,https://www.ebay.com/itm/Fashion-Sport-Mens-Stainless-Steel-Case-Leather-Band-Quartz-Analog-Wrist-Watch/362768766864?_trkparms=ispr%3D1&hash=item5476b41790:g:qo0AAOSwENVdkCzN&enc=AQAFAAACYBaobrjLl8XobRIiIML1V4Imu%2Fn%2BzU5L90Z278x5ickkBSh1VzQSTzkTiSV5EE%2FHQcjGw9P7hxM4148ngRgcR2x34iU725vZvwfG3JxW3Whf14g0uujHCz%2FEqo4Kv0Oa7UAMCqAk4r%2BoAFXFuRBefp%2FZ0zWNKlWKATX1SrzCwr2NCz3NiNg9beGmp9xr3jJYTBbAd9r41lBMIJL8EA22zr1089CVLCOZdmm3ZfzEvHLZasgCi4aYex%2Bo%2FkDxN0MTvan7p2zmC8TW9O%2BGNQGM5vlPM5Qe7U9KT5UUYWoxJ3a6vpx1W7RmquKIpHHH9yPCWrwMdrZAdmPvaIuypqpimX%2FBFHS4KSmvHIdbdaEP6BTdoEdpca1GPjpLzlswy8WJn5iUxHD3i2X%2FlFh8T%2FimIBt7zaz5xWHPLO61dEeOgl3kmB4ekmSK5C8qprOTMwJhH5nrDv5FeVrV9tz%2FRDJ6FVDqax%2F0QSq2apiKf21WS5O39QoCvBGfyDGsc4yAtVyT5lGODmt1ZvjxjwfCYUhOP8uwwx7xD%2BdT0o0mKLF4zKWS6CgpKU%2BBz5K96EHf9CMIupdTHjwSES0RlGDr0Obx0vN3JlwLr3phPwCKx31%2Bv3UBv71Ay6BOkFHNJZkWYKhgwXxPMNeLu9WJB1LbC9twnH47qXT%2FpR7%2Bl6Dir7IWEfQ9ij8Nvc4P75XxN0yv5CsoRUtKJ5XtyHI8nnkUlXxURN4zhTJLEnP02%2FGfEiHFsswivaD1MIMjcemsdX6x0uNWoNCuB748uW7Dlc4qO6lapUgp0odOEyKAf53ci4w4iHEP&checksum=362768766864b9ef3ec8b2274507b10ed08bc4b3ab8e
 SMAEL Sport Watch Men 2020 Male LED Digital Quartz Wrist Watches Men's Top Brand,$39.21,AU,,https://www.ebay.com/itm/SMAEL-Sport-Watch-Men-2020-Male-LED-Digital-Quartz-Wrist-Watches-Mens-Top-Brand/154041758895?_trkparms=ispr%3D1&hash=item23dd9ab4af:g:814AAOSwNWxfMkkF&enc=AQAFAAACcBaobrjLl8XobRIiIML1V4Imu%2Fn%2BzU5L90Z278x5ickkxGz2ccqatkEnoeekHqhLkU%2FU91LP2x6Jfvd5zd45LvDOF50sgPe8y%2BHGan02KW3hHZIn2U2h1CdiOx9iG2I6dCwLFV%2F1X%2FfO8kAGnvYxuQPI6XQNZpcSrtF9xEkkHklH6UoG3EzFV7g3yDayNe0iaGQmmSfAIBzgeVeCdkYjQF65lTvO6kjvur6ypk8p4099GDQ4smYzDmwXBedZnzK3E1kSK9k0PgNbo8Ob2SI35S%2BAsZNtoTRESPD7ZdX3DHVQioScUPjhNos%2Fk5YjBzca%2BeYH4lo9AyAEEGTvWIpQeiI2reZl7tn8wIK5BnTQ2p2uwWbvqgctBF0kJ%2BH6tnSI76QcvEAMULJhfUlni6MV9xdXXLoxTPYm3MDWV%2F4GCbn7xo4WpacxaZR5zy%2FR9oNQc49ELEu8WBv47W%2F78mpwFFliw%2FMHbJtM4sq2jU6UArDzg5e5%2FJVqjfgjJDI52rO735gVXllbbm5y5UlbaV8UUxHNnTQtNJLgNGf0XZCmpcGMrv4uJ72jOQMzWctdM1nX0No0kxQAFvmdL%2FI%2BV0tUXjvv3J8%2BrRR1SCgBztCMqaE6NTDRWSramkPBTL5KR%2BNjZIBxfS5gouSr8xmKrctShq06fXJx7Ml8ForJB1tSXX8n4ZnIrcUKkvONhFY9eDGeHZsNTFTY0Kz0Lr4zqZ0WdE0kYwSPQveZ%2BHveCuwPLvePIYd7v1d3INjowzx1TPgrDbxcGi7SOw8N4KxRyFgSw2j10zDd9Ya3%2FVgzsViCrIQmb2sIZVM9aus13iZNGCkNQw%3D%3D&checksum=154041758895b9ef3ec8b2274507b10ed08bc4b3ab8e
" Skeleton men watches,antique pocket watch,handcrafted watch,vintage style watch","$2,129.00",US,,https://www.ebay.com/itm/Skeleton-men-watches-antique-pocket-watch-handcrafted-watch-vintage-style-watch/184397432560?_trkparms=ispr%3D1&hash=item2aeef186f0:g:m-4AAOSw6s9fMnnn&enc=AQAFAAACcBaobrjLl8XobRIiIML1V4Imu%2Fn%2BzU5L90Z278x5ickk8Fd9si%2FIbtWQr%2BhnlRwjDa18Vc0PTB5puixz3Mu0aU7ez0%2B97vbJz0Zb%2FSxfH0wJixamSfLg7RmPl7dEl8vkK%2BHxgAvhlp0lxcD6QgA2R%2F780XO1fAnpFttCSk3ESOl55pSjlIrYbELjNS9eLMYSJ3tqotH2jxKNBYeTZrIYOlILQLhItE7llA2hsUt7JdGJ0cFPS7EHU8p5gvQjvjMvkKpilcthREbAXXkAVjhR2Cm4NFl%2BstdUdrmnCNALoqnT5bY58BXBw1aAbvmwiQtKGi85M1jKnOCrMqFncxfC0ZNSYS%2BJ6vuZYpN3cIUqn3a8EbimTp1oBVYNrktd%2FVbA8u8i%2F9niKlYh89oqmsvEjBHYpTkjVFXAGCBmAYMu1ajNr2zS%2BD632ZJu%2FLw9vP%2Bvwhjwn4kLx0Rkiguy2i2dOS92oETp9A2dBfEbgqspkRres6XCbrqcVIL7VALn%2F0jvOVlwBHZuGcHPHfzIXyR%2F37JSJ804x%2BwEq2aF%2BwWBaf76BC0I9TifZlZ22egxSZ1AQgmphfQW4tbEElMuxrPJrH%2F3CE8l%2BpSf0ZEgd0FtJvxGMF122OHkTdST0wsZcwz%2BsacZ9LHRHn8LG1z7%2BBq8vDE00yOHso%2F9M3aBsDzRIRFyxdDX%2Bt0cSSeuSd%2B4WJPENG64vnFaVrdaczvk2S5ZwdnfdinwKlbp1d4u3DyBvXm4mHpctzgTincmhqSPb34VBEmMDgK0Fkd47cAWrB65VFc3kVaFIKlpZ3kMhd5MB600h366Db%2Bh1c2nU9wp2f9PTw%3D%3D&checksum=184397432560b9ef3ec8b2274507b10ed08bc4b3ab8e
 VINTAGE CITIZEN 61-9817 AUTOMATIC DAY DATE MEN'S WATCH,$32.00,US,,https://www.ebay.com/itm/VINTAGE-CITIZEN-61-9817-AUTOMATIC-DAY-DATE-MENS-WATCH/174388874396?hash=item289a630c9c:g:vz8AAOSwKH1eNYTq
 CURREN Men Watch Top Brand Men Military Sport Wristwatch Leather Quartz Watch,$15.54,US,,https://www.ebay.com/itm/CURREN-Men-Watch-Top-Brand-Men-Military-Sport-Wristwatch-Leather-Quartz-Watches/264538277211?hash=item3d97b5c55b:g:esEAAOSwafdd06PW
 Invicta S1 Rally 27947 Men's Analog Black Chronograph Date Tonneau Leather Watch,$79.99,US,,https://www.ebay.com/itm/Invicta-S1-Rally-27947-Mens-Analog-Black-Chronograph-Date-Tonneau-Leather-Watch/313178906636?epid=15025798630&hash=item48eaeae00c:g:JxcAAOSw8G1eRF6f
 New Bulova Speical Edition Lunar Pilot Chronograph Black Dial Men's Watch 96B258,$465.00,C,78 sold,https://www.ebay.com/itm/New-Bulova-Speical-Edition-Lunar-Pilot-Chronograph-Black-Dial-Mens-Watch-96B258/283838533231?epid=9013061844&hash=item4216184e6f:g:1~gAAOSwZE9eilsl
 Glycine Men's 3951.191AT.GD1.MB Combat Sub Automatic 48mm Black Dial - GL0095,$319.00,US,,https://www.ebay.com/itm/Glycine-Mens-3951-191AT-GD1-MB-Combat-Sub-Automatic-48mm-Black-Dial-GL0095/333515194865?epid=6006026628&hash=item4da70e01f1:g:TR0AAOSw~fRfJGDk
 CITIZEN Eco Drive Brycen Men Chronograph Watch Brown Leather Steel Cs CA0649-06X,$19.99,US,,https://www.ebay.com/itm/CITIZEN-Eco-Drive-Brycen-Men-Chronograph-Watch-Brown-Leather-Steel-Cs-CA0649-06X/174389384943?epid=2254637406&hash=item289a6ad6ef:g:KZUAAOSwmkBfMsdx
 Vintage Omega Deville Cal.1342 Date Quartz Stainless Steel Men's Wrist Watch,$450.00,US,,https://www.ebay.com/itm/Vintage-Omega-Deville-Cal-1342-Date-Quartz-Stainless-Steel-Mens-Wrist-Watch/333682813436?hash=item4db10ba9fc:g:p8gAAOSwUalfMnHh
 Russian mechanical men's watch POBEDA classic BLACK vintag,$12.90,US,,https://www.ebay.com/itm/Russian-mechanical-mens-watch-POBEDA-classic-BLACK-vintage/324257974180?hash=item4b7f4807a4:g:xZMAAOSwK2VfMlC4
 Luminox Men's Watch Black Ops Black Dial Rubber Strap 8881 - Authorized Dealer,$234.99,US,,https://www.ebay.com/itm/Luminox-Mens-Watch-Black-Ops-Black-Dial-Rubber-Strap-8881-Authorized-Dealer/333611514568?epid=2179492443&hash=item4daccbbac8:g:DnYAAOSw3U1fKv7a
 PAGANI DESIGN Luxury Brand Men Watch All steel Waterproof 100M Sport Watches Sap,$288.47,AU,,https://www.ebay.com/itm/PAGANI-DESIGN-Luxury-Brand-Men-Watch-All-steel-Waterproof-100M-Sport-Watches-Sap/154041760652?_trkparms=ispr%3D1&hash=item23dd9abb8c:g:seoAAOSwilpfMkpV&enc=AQAFAAACcBaobrjLl8XobRIiIML1V4Imu%2Fn%2BzU5L90Z278x5ickkxGz2ccqatkEnoeekHqhLkUCjWyyzSZOQrOtVHxKL%2F%2FRilnHcVSQDp%2FCvWLGtgKH8z5NxT09YMx3igV8S0pVyOaEIofj0LfBy9xFwQbqD7wdo2vzawo3j71hEZH9a6VEgVgy5UGG9LFF%2B%2BTd7BnqXZpo4jpCOGEhdckCSOkSDe1gKo6JyyDwUea3Pcr5INCZYABwa5ePfpsBHd1UzwL11nSF5aJjvhOW2Zhed9Oy3flSJCv6xXog5OItztiJBPfwv%2FztWlmP6lqBlDtEHrI7zXcJTaVlLCHeijM4FF4KZlvYK9ganwjudkfn9ZcutQJFzph6AvgMqgHejhaaHb%2F1XBZsReFQ96chhAb0cBMlrjXHgiE84hwqtfLGaN6EbjNUqtW61iUMYROnYQT9hTL4gmwv8xiAD65Uco5WTrivlpaPEy9Qb9I2215Cf%2BPDG45uPIY2RXnpJoXY9LfhTFusnBef7k51kveNIO%2B0k8XdtHw6a4WW2k2AAEiC8ArU63ckmLrHy3bT%2B1WDmB4TxrMvmzX4iaK5LCks8tCQbmwgzDHiXjJMYodazgui2ldp2M1gZBQVpf%2BtqpfXQ1j4ZkVMUm5HeteY3agR5oYfLIBzUXpe1NMYSfMDpbyfDFAVNswX7JSnUSVFbcQ4ZuKk7Nb1iKbvCW90j09VspryIhGpB01KGgUhcSPX5pElGw0oKCS3PC%2BOSaLfEVp%2FsSOy5aYcuZwL0TkN%2BA%2FTDpfEte5y%2FS5n14MKG%2B9e%2FbknQ6e%2FTnbwtQCrNsMCB6S%2BCLGVN%2FuWKtg%3D%3D&checksum=154041760652b9ef3ec8b2274507b10ed08bc4b3ab8e
 Men Watch OCHSTIN Top Luxury Brand Designer Quartz-watch Silicone Business Black,$64.42,AU,,https://www.ebay.com/itm/Men-Watch-OCHSTIN-Top-Luxury-Brand-Designer-Quartz-watch-Silicone-Business-Black/154041760714?_trkparms=ispr%3D1&hash=item23dd9abbca:g:l~8AAOSwi9dfMkm3&enc=AQAFAAACcBaobrjLl8XobRIiIML1V4Imu%2Fn%2BzU5L90Z278x5ickkxGz2ccqatkEnoeekHqhLkWnD6T0cMUr3WPrMwBzkJ8XYYPez3mpZLI23t0KzQzBr3BHtVCpGdWPigbSi9w%2FltTpVeLUA%2FyJTuLWpNw3tuvQ2PoE3a2DH1njeqQd6VzgZpnZs17iZLd%2BEOnMtDBin5gIfQimGujAKFSt1zeyVQNjP%2BPtNk3tgNIk23cZs5R0WSK5SbiR5rCcKyWsK7%2FY8q8VZ6Sgfa3fwb7Fc%2BuCuh5T2NG%2BtHHHIg8jB6%2FyY3a7YH79KGq90n%2BXzIrJsDXAeMnynj3J%2BIEcD35azS%2Bl12gWyTPh7Glfa%2BqzGdSkwN%2FZkiMA2fobPtIalWazcEb4F%2FRsCw8x7tBAHN2N53GiKicIFGjQTEoan2lYO0APU3W1%2FGG%2BOrfpe6rgv8HvL4mhKXa72qOmo07x9XyukN1%2BpDMk1yv1ENbW3QWSuvfXH%2BmphyJEWUcU4h7qp3Q0le4%2BgmR5zBDsFx5204Ud0lae2F4Di8e02f0UGPtRZOD2iwTdWQ%2Fqh47JkB8Og%2BF3lrETXFTL8X9Ijt638kt9jFSsrBeqFgdnsYepensxHmOsbzsOwXcxo%2Fz4%2Fis%2F%2BYI94o%2BOcaDiJGBR0X8DynzCGEQxMRFMclYRYQfMgMcHxYrLws6Q0HW3uZnyyVgED1ih6HrD5b%2BGCYCmNM9fy2lRU%2FI4xkpmA3dRCjPD9iZfLJMIEdpaJZqtGMH7Nv2JTgmNUaekqtqRSXzGMfcUVYJ0RFXurOdMvRmJqryeth%2FBja60gvJgDaQvUL0P7ctyeIy9UBOb07g%3D%3D&checksum=154041760714b9ef3ec8b2274507b10ed08bc4b3ab8e
 PAGANI DESIGN Men Watch Top Brand Luxury Business Sapphire stainless steel Water,$288.47,AU,,https://www.ebay.com/itm/PAGANI-DESIGN-Men-Watch-Top-Brand-Luxury-Business-Sapphire-stainless-steel-Water/154041760654?_trkparms=ispr%3D1&hash=item23dd9abb8e:g:GngAAOSwVoNfMkm4&enc=AQAFAAACcBaobrjLl8XobRIiIML1V4Imu%2Fn%2BzU5L90Z278x5ickkxGz2ccqatkEnoeekHqhLkZEWv2rIp%2BmTGdktQ5NGJ6qAfeKKcLXUEmo3vhcoK%2B1%2FWITC%2FGYXf7kCfZsiy1ldzGskFCRKNrrfl%2FjkM8keCbGXrQz%2Bn0NNo5Ye%2FPoXYbhhX9VxZ3KsRzKjbZCNg%2FKlAMKRvJnJP8KfKZmTwyYN%2BCQhiwASo9U%2Foc5yIXm3rglpTUPHHYtCZw8bpx8pss7kUSSMcBWa6TNC39HlEc7keKSIa6UDIXgSAdhdqTtocSJIceWR48iY913M7ClF6sQKquRG9Uc4PTtcNla4zWK0eWM3PxoQa8bMdLEmcIgg2KVdh3K4zHCHQCVIqZqgUEBWzpdq%2FkA6XcaXpWiIMLR6okVrd27vqIHFSOxZkB3m489y%2FjRd%2FEnzdwybbwCjT3XUrCIiq%2BuVUOW5qNXxrumiqzf6orx1zuaZcxvEdAsoZALwpCG%2B9W%2B1NXwXuE4pmWLzDQ6l9mtRP4pn%2FizuidS8E7MJc8akC6M7jLCFHMT1RVCi%2FkiqA1J4cqBZH9Sb1SxIiw1hrcgoemJpIWwYasqPpBgvuuJb0rKEftDRA1ZlpoleP2NzSr7K1JLCOhJ358trZkD1vN5LkSH0kEz8LAyyR7tGzngJ9G9ppzDsU7RpDBMv7iSntGiRURBfev2PcEhvvsYLC%2Bxl7bnmHLzEIHptzrSMArOquNcJsCpS2RLLybeFWDI9FAsKvi9p4wvjTZr%2BEI4R%2FAaw5wYURVsuWJvqwru7gXjIGJa6YWdP0F0ohxpCMZGx%2B81jNZ7rDYA0yfgOWQ%3D%3D&checksum=154041760654b9ef3ec8b2274507b10ed08bc4b3ab8e
 Men Digital Watch LED NORTHEDGE Men Watches Water Resist Sports Military Watch,$229.25,AU,,https://www.ebay.com/itm/Men-Digital-Watch-LED-NORTHEDGE-Men-Watches-Water-Resist-Sports-Military-Watches/154041760905?_trkparms=ispr%3D1&hash=item23dd9abc89:g:NxQAAOSwGY5fMkna&enc=AQAFAAACcBaobrjLl8XobRIiIML1V4Imu%2Fn%2BzU5L90Z278x5ickkxGz2ccqatkEnoeekHqhLkWasbTQD657q9ZiqeDTr%2FIUH6TTPMnPM%2BOYibDvIk5Cjcztk%2Fv2L9WyxrwJ%2BbeUjg0A%2BrbwWRqHDrPWfbEavwLldnOr%2Fz0ioJshYfArbrTHJV6%2FYQdsfqk23llwPccaoibcu%2BFSBq1bSVfp67fX%2Fqyebu42oTKtMVNKhUugE17mey%2FCFm4siCLF5PihJ0DucPJOtv0D6bTiUywFzYch6QlkiZrd5AvFt%2FKc371rvLQN%2BuJ%2BNJ9k0CMIr85UpS5LozQOxiG2XO56EvNwiR%2BflEn0IknmG5fwPqg4oSBTqz9wpmspo%2B7cR9FJtDpCMOQYYHVlNfp2SIGiqiDxoRSmDZMbNbFeSLFPG%2FPxtB%2FnBLSCRi8DaVWirUtiw7bLY%2Fr50EiLO05O0cf3zQ3X0jIKtlo6orXVp8etaL1KYdNqm7CKF8OZ7MLRFzmImYrLnbLSayz2pVu9ehR6XylnTdBOQWro738qXkUxkc7aAn9Y62WGGcW8ESSBhoXQX27XeiEuez99ZaEYRFl9BYRhFJqm%2Fvk5H5Zu0R8j3INjcV5qfxbF4Fv1wTVZS0A5IiFGs4SndhiwguoO1YvkE%2BYdqVAbcvsIivZ2uxg0acjh37veOxTgAZUM7dggff90OxjcMo0dJSJM2awdfmf%2FWF70YubyGw%2B%2FjBVrELBGZ9yS22ZNgIx5bVCgeUvnlef1Yy3sIsvGQiAWAm7gsYhq3DdbWauXrLKKE3HB4qxq61%2FB54CSf3xlIz0SVxyFtL5EWQX8KlJRIbA%3D%3D&checksum=154041760905b9ef3ec8b2274507b10ed08bc4b3ab8e
 CITIZEN ECO DRIVE MANS WATCH,65,GBP,,https://www.ebay.com/itm/CITIZEN-ECO-DRIVE-MANS-WATCH/283975275716?hash=item421e3ed4c4:g:iJ4AAOSwgT1fJ~as
 Lorus Men's Analogue Watch with Day/Date & Stainless Steel Bracelet RXN62DX9,49.99,GBP,,https://www.ebay.com/itm/Lorus-Mens-Analogue-Watch-with-Day-Date-Stainless-Steel-Bracelet-RXN62DX9/233677351116?epid=14017554350&hash=item36684168cc:g:55YAAOSwBXxfMspI
 PAGANI DESIGN Men Military Automatic Self-Wind Watch Leather Band Reloj Hombr,$47.49,US,,https://www.ebay.com/itm/PAGANI-DESIGN-Men-Military-Automatic-Self-Wind-Watch-Leather-Band-Reloj-Hombre/253656630102?hash=item3b0f1d0356:g:BLwAAOSwPDdbDQjq
 MEN'S SEIKO TN32-FO40 ROSE GOLD PLATE & STAINLESS STEEL DATE QUARTZ Wrist Watch,$40.00,AU,,https://www.ebay.com/itm/MENS-SEIKO-TN32-FO40-ROSE-GOLD-PLATE-STAINLESS-STEEL-DATE-QUARTZ-Wrist-Watch/373144739145?hash=item56e128dd49:g:8IgAAOSwzTpfMjKO
 Lorus Men's Dual Display Watch with Stainless Steel Bracelet RW623AX9,59.99,GBP,,https://www.ebay.com/itm/Lorus-Mens-Dual-Display-Watch-with-Stainless-Steel-Bracelet-RW623AX9/333683093936?epid=2256146814&hash=item4db10ff1b0:g:PFcAAOSwZ8ZfMs5g
 Lorus Men's Analogue Watch with Date & Stainless Steel Bracelet RH901GX9,45,GBP,,https://www.ebay.com/itm/Lorus-Mens-Analogue-Watch-with-Date-Stainless-Steel-Bracelet-RH901GX9/233677374092?epid=26012050359&hash=item366841c28c:g:O48AAOSwULNfMs5l
 VINTAGE OMEGA DE VILLE MEN'S QUARTZ 18K-GP PEARL-BLUE DIAL WATCH,$199.00,US,,https://www.ebay.com/itm/VINTAGE-OMEGA-DE-VILLE-MENS-QUARTZ-18K-GP-PEARL-BLUE-DIAL-WATCH/224114080584?hash=item342e3d7b48:g:4DcAAOSwCctfMS74
 PAGANI DESIGN Men Automatic Self-Wind Watches Stainless Steel Band Reloj Hombr,$93.86,C,14 sold,https://www.ebay.com/itm/PAGANI-DESIGN-Men-Automatic-Self-Wind-Watches-Stainless-Steel-Band-Reloj-Hombre/323925416910?hash=item4b6b759bce:g:vIYAAOSwpQNdiLOw
 Glycine GL1007 Men's Airman GMT Quartz 45mm Black Dial Cordura Strap Watch,$149.00,US,,https://www.ebay.com/itm/Glycine-GL1007-Mens-Airman-GMT-Quartz-45mm-Black-Dial-Cordura-Strap-Watch/333269738985?epid=12033661268&hash=item4d986ca5e9:g:2O8AAOSwP49fJGKQ
 Hamilton Men's Khaki Aviation H76235131 38mm Black Dial SS Automatic Watch,$309.00,US,,https://www.ebay.com/itm/Hamilton-Mens-Khaki-Aviation-H76235131-38mm-Black-Dial-SS-Automatic-Watch/333514304248?epid=23009814104&hash=item4da7006af8:g:jtMAAOSwvwZfJGNQ
 SWISS MASTER Men’s Gold Automatic Skeleton Watch Larg,$119.99,AU,,https://www.ebay.com/itm/SWISS-MASTER-Men-s-Gold-Automatic-Skeleton-Watch-Large/333682654282?hash=item4db1093c4a:g:8JoAAOSwqUteeqSL
 New Luminox Navy Seal 3250 Stainless Steel Blue Dial Men's Diver Watch XS.3254,$572.00,C,,https://www.ebay.com/itm/New-Luminox-Navy-Seal-3250-Stainless-Steel-Blue-Dial-Mens-Diver-Watch-XS-3254/283614649220?hash=item4208c01b84:g:yWUAAOSwOEJdr0si
 Citizen Men's Eco-Drive Analog Watch - BM7450-81L NEW,$229.99,US,,https://www.ebay.com/itm/Citizen-Mens-Eco-Drive-Analog-Watch-BM7450-81L-NEW/283975628321?epid=15033068640&hash=item421e443621:g:mGQAAOSwb2ZfMs6H
 Ben Sherman Men Watch New Battery Stainless Steel.,8.6,GBP,,https://www.ebay.com/itm/Ben-Sherman-Men-Watch-New-Battery-Stainless-Steel/184397728851?hash=item2aeef60c53:g:m4MAAOSwhele1VCB
 Swiss Legend Men's Quartz Watch White Dial & Black Leather Strap 22012-YG-02-BLK,$138.95,AU,,https://www.ebay.com/itm/Swiss-Legend-Mens-Quartz-Watch-White-Dial-Black-Leather-Strap-22012-YG-02-BLK/324258437534?hash=item4b7f4f199e:g:3L4AAOSw-kdcpNbV
 Certina DS 1 Automatic Black Dial Men's Watch C0064073608100,$360.00,US,,https://www.ebay.com/itm/Certina-DS-1-Automatic-Black-Dial-Mens-Watch-C0064073608100/184365112202?hash=item2aed045b8a:g:06oAAOSwfs5fDwnN
" Men's Vintage Seiko Watch  ...5Y23-8A69  ....""E.U.C.!""",$79.50,US,,https://www.ebay.com/itm/Mens-Vintage-Seiko-Watch-5Y23-8A69-E-U-C/303650827826?hash=item46b2ffee32:g:yo0AAOSwBpJeB5R6
 Genuine Rotary Men's Roman Numerals Dress Watch Vintage Quartz Designer Wh,64.99,GBP,,https://www.ebay.com/itm/Genuine-Rotary-Mens-Roman-Numerals-Dress-Watch-Vintage-Quartz-Designer-White/124294778311?hash=item1cf08bcdc7:g:EU0AAOSwnARfFa~l
 New Hamilton American Classic PSR Digital Stainless Steel Men's Watch H52414130,$945.00,C,10 sold,https://www.ebay.com/itm/New-Hamilton-American-Classic-PSR-Digital-Stainless-Steel-Mens-Watch-H52414130/283929449149?hash=item421b8392bd:g:VfUAAOSwmkFe99r7
 Men Women Watch Multi-Color Wood Band Handmade Wooden Watch Luxury Gif,$18.99,US,,https://www.ebay.com/itm/Men-Women-Watch-Multi-Color-Wood-Band-Handmade-Wooden-Watch-Luxury-Gifts/383672310972?hash=item5954a6dcbc:g:TgUAAOSwS3dfMfko
 LIGE Watch For Men Top Brand Luxury Waterproof 24 Hour Date Quartz Brown Leather,$53.93,AU,,https://www.ebay.com/itm/LIGE-Watch-For-Men-Top-Brand-Luxury-Waterproof-24-Hour-Date-Quartz-Brown-Leather/154041758906?_trkparms=ispr%3D1&hash=item23dd9ab4ba:g:wGEAAOSw~51fMkkQ&enc=AQAFAAACcBaobrjLl8XobRIiIML1V4Imu%2Fn%2BzU5L90Z278x5ickkxGz2ccqatkEnoeekHqhLkde0zN0GN96M48hORlB3ZaWxHIxgWK6ccsDWnCWiyiF%2B%2Btzz30kfozQPIBrEoO8dO3tuYQR1ggppSVd7vRZmbtj4qYVv%2FRCv6DztRd%2FhvuhsDy38%2F%2FWRKe8wp1RWYoXsJ1cs7r9v8vTG4064Gx%2F8xarRB4DmyxHneukk38yO963iX7X%2FOe9fsn8VVFfpoTmsz1VriXvMxU82USkvNxwi4Lt7JclnW0FwZc5AeB%2F0yDOhbJXo%2BH7zV8dpJCXLIEzMzZ0CpGLgyejEpiRtsdx34ig%2FrahX6LJhrUQrXqaSdCzZoTA3CWjm5bGNaCUczemY6sT%2FBcZD49zOP88Or%2BHta8kRE3jtm37GRvY%2BvdPObG2p3AQxwauDqepjlvRR%2BuVHKzuNMetiyAlLxfrNYgHK9YF6%2BwTGNAQli9Bz0KXp%2BTTn6Ww1TBz%2FTY2DtZda%2Fc3u1E11C9TLV4w9IGi2JZMwT1n9ejf8lLSy6AaKNHFtPmQSunvjZrUZtnXIjQeO7DUNpY0QtspJVmBszuC82AMwS0turH0zEYf7LBt7e71YrrTR8VE3uoehDGHFIPBmE6ZvKywMAy7mslZL4t7%2Bu2YtRyUDw620OFrMTegO9Qdy%2B%2FgB0hBDjAHuWZuXVz3omHJdVxvNz3ibRUn3XIX9FLADTGq65HvWZv2NX%2FoatiHY4xBUNSu5Xawb5qEreLdkEcF42VD%2B643%2BlBNzJyZ8P0iKG5y5bR6n%2B2oehKH4VCycJdFOWohwcV8OesZM9pkFzwS%2BXQ%3D%3D&checksum=154041758906b9ef3ec8b2274507b10ed08bc4b3ab8e
 NAVIFORCE Men Military Sport Wrist Watch Gold Quartz Steel Waterproof Dual Disp,$78.57,AU,,https://www.ebay.com/itm/NAVIFORCE-Men-Military-Sport-Wrist-Watch-Gold-Quartz-Steel-Waterproof-Dual-Displ/154041758852?_trkparms=ispr%3D1&hash=item23dd9ab484:g:cbYAAOSww5pfMkjm&enc=AQAFAAACcBaobrjLl8XobRIiIML1V4Imu%2Fn%2BzU5L90Z278x5ickkxGz2ccqatkEnoeekHqhLkZL3s%2F079y%2BHMWNd8c1Osnd3aJ4nCUGEIisGx%2BaqOXod1ik6x4i9neZ5TIiZxG3ZSmvv7NHrCzzkB%2B0x5IYrZC%2BkyRD%2FUMm9yjHX8CTTQmG6YYwxLpjufiIYu%2FCLbvjCp6sByX3dOkL7%2BqQiGW3PNAeOxrgU2j0AmsVbNivFmmah2gzLxKEH1yBA3iTwBgESFwyI8CIcrJ58dzamLem9oK%2B%2FVIfScwzy93JvoXcTk8JYtxcLMRz%2BTlrwWzNCXoHuJVricHtiVnPtBxMh7dSn240j%2BhGSWTtb7k1htSjkFk5AONRP0lnsw3F%2Bi4U28RIF5NPWx6NqYhIXgwYcyu7gmVDW56h1QYdo6llN%2Fm84BcFhZUPFOhYREKox%2FjxqPp2zWfB9jMQmP34DWOW23jKzyhOH8zKitrUZKyEKyLsPVVZIiv%2F5OHpRoCmiyaaPkipG%2Bs7cNLU2%2FD%2BgEc5XbXfKLLaPInNZWHQ402jwLbGF%2B6Fp9Te9CH3Mg%2BjNdGOA85PpF4D3%2F7yvT%2BJ3I1hBPGtIoAhBeXo44bSsaU8ZKNf2ScyeGXbLCW7tp5fJR97NVCZswv2ZkqaNLwbJVt1qv2k%2FudUrkIx3a06%2F3F%2FBBv8p8d4xgUUSmj4DpI4Url7m83zd3wseJwXGl%2BbKBfJj49IsJ9dgl12VGZB%2FGoGuV%2BdtPP2xK67ch9JB5Jyn9YjFygmdcmDLKomfpA6mkTtHrVEQDqvFLtwQklgtrMi%2BTRzIWb%2B3KggLDsButs46CSap28QO2g%3D%3D&checksum=154041758852b9ef3ec8b2274507b10ed08bc4b3ab8e
 Invicta Pro Diver 24927 Men's Round Chronograph Date Analog Gold Tone Watch,$59.99,US,,https://www.ebay.com/itm/Invicta-Pro-Diver-24927-Mens-Round-Chronograph-Date-Analog-Gold-Tone-Watch/193619961121?epid=850915153&hash=item2d14a62521:g:k18AAOSwsA9fMeDu
 Vintage Tag Heuer WA1211 200 Meters Black Dial Quartz Swiss Men's Watch,$400.00,US,,https://www.ebay.com/itm/Vintage-Tag-Heuer-WA1211-200-Meters-Black-Dial-Quartz-Swiss-Mens-Watch/333682893865?hash=item4db10ce429:g:1N0AAOSwCcFfMpXC
 Lorus Men's Analogue Quartz Watch with Stainless Steel Bracelet RH921LX9,37.99,GBP,,https://www.ebay.com/itm/Lorus-Mens-Analogue-Quartz-Watch-with-Stainless-Steel-Bracelet-RH921LX9/333560803462?epid=7038352526&hash=item4da9c5f086:g:D~UAAOSwpc1ef5D-
 Invicta Specialty 15371 Men's Round Blue Chronograph Analog Gold Tone Watch,$44.99,US,,https://www.ebay.com/itm/Invicta-Specialty-15371-Mens-Round-Blue-Chronograph-Analog-Gold-Tone-Watch/193619964036?epid=1838010799&hash=item2d14a63084:g:UVIAAOSwGLZcpn3D
 Casual Men Tourbillon Automatic Mechanical Wrist Watch Date Leather Strap Gif,$30.07,US,,https://www.ebay.com/itm/Casual-Men-Tourbillon-Automatic-Mechanical-Wrist-Watch-Date-Leather-Strap-Gift/193203040498?hash=item2cfbcc70f2:g:jBYAAOSwFN9dyNvr
 50mm Parnis Russian Military Men Chronograph Watch 0S10 Quartz Wristwatch C,$84.55,US,,https://www.ebay.com/itm/50mm-Parnis-Russian-Military-Men-Chronograph-Watch-0S10-Quartz-Wristwatch-Cool/392162848732?hash=item5b4eba2fdc:g:TrsAAOSw~oFXHz4h
 Invicta Specialty 17755 Men's Round Rose Gold Tone Chronograph Date Analog Watch,$0.99,US,,https://www.ebay.com/itm/Invicta-Specialty-17755-Mens-Round-Rose-Gold-Tone-Chronograph-Date-Analog-Watch/313178921312?hash=item48eaeb1960:g:g6QAAOSw6Fhd5FEc
 CASIO G-Shock GW-5000-1JF Men's Wrist Watch,$260.00,US,,https://www.ebay.com/itm/CASIO-G-Shock-GW-5000-1JF-Mens-Wrist-Watch/373101889806?epid=141099443&hash=item56de9b090e:g:nAIAAOSwhs1eVKSR
 Seiko Quartz 8222-8020 Vintage Watch For Men,$90.00,US,,https://www.ebay.com/itm/Seiko-Quartz-8222-8020-Vintage-Watch-For-Men/124282868009?hash=item1cefd61129:g:IWUAAOSwMYxfJt5M
 Men's Vintage mechanical watches Raketa ROCKET,$25.00,US,,https://www.ebay.com/itm/Mens-Vintage-mechanical-watches-Raketa-ROCKET/143679936207?hash=item2173fdd6cf:g:TxMAAOSw-iVfMjv5
 Men's Timex Indiglo Watch Leather Band Working,$4.99,US,,https://www.ebay.com/itm/Mens-Timex-Indiglo-Watch-Leather-Band-Working/324258392481?hash=item4b7f4e69a1:g:KhkAAOSwlIVe86OX
 Orient Mako III Kamasu Automatic Men's Watch Blue Dial RA-AA0002L19B,189.9,GBP,,https://www.ebay.com/itm/Orient-Mako-III-Kamasu-Automatic-Mens-Watch-Blue-Dial-RA-AA0002L19B/363073146637?epid=24033918724&hash=item5488d88f0d:g:ZlsAAOSwMYVfMrXd
 Swiss Legend Men's Quartz Watch White Dial & Brown Leather Strap 22012-YG-02-BRN,$96.91,US,,https://www.ebay.com/itm/Swiss-Legend-Mens-Quartz-Watch-White-Dial-Brown-Leather-Strap-22012-YG-02-BRN/324258435441?hash=item4b7f4f1171:g:2eYAAOSweqNcpNoP
 Invicta S1 Rally 27930 Men's Torneau Analog Chronograph Date Leather Watch,$79.99,US,,https://www.ebay.com/itm/Invicta-S1-Rally-27930-Mens-Torneau-Analog-Chronograph-Date-Leather-Watch/174389145078?epid=9025786434&hash=item289a672df6:g:TncAAOSwZ15eQyyY
 Seiko SPC248P1 Lord Quartz Analog Brown Leather Strap Men's Watch,$245.00,US,,https://www.ebay.com/itm/Seiko-SPC248P1-Lord-Quartz-Analog-Brown-Leather-Strap-Mens-Watch/114350540125?epid=28025644868&hash=item1a9fd2c55d:g:oG8AAOSwRqJfMhan
 Seiko SPC246P1 Lord Quartz Analog Brown Leather Strap Men's Watch,$245.00,US,,https://www.ebay.com/itm/Seiko-SPC246P1-Lord-Quartz-Analog-Brown-Leather-Strap-Mens-Watch/114350540135?hash=item1a9fd2c567:g:co4AAOSweyZfMhar
 Invicta S1 Rally 20243 Men's Blue Tonneau Analog Chronograph Date Leather Watch,$79.99,US,,https://www.ebay.com/itm/Invicta-S1-Rally-20243-Mens-Blue-Tonneau-Analog-Chronograph-Date-Leather-Watch/174388511310?hash=item289a5d824e:g:4E8AAOSwhfZdZZnB
 43mm PARNIS Black PVD case brown strap Power reserve ST2505 Automatic men watch,$88.00,US,,https://www.ebay.com/itm/43mm-PARNIS-Black-PVD-case-brown-strap-Power-reserve-ST2505-Automatic-men-watch/154041548916?hash=item23dd978074:g:um4AAOSwSplfMgdx
 Glycine GL0241 Men's Combat Sub 48 Automatic 48mm Black PVD Watch,$329.00,US,,https://www.ebay.com/itm/Glycine-GL0241-Mens-Combat-Sub-48-Automatic-48mm-Black-PVD-Watch/333519381688?epid=23037392191&hash=item4da74de4b8:g:N20AAOSwqeBfJGG~
 Tissot Couturier Powermatic 80 Automatic Men's Watch T0354071105101,$502.95,US,,https://www.ebay.com/itm/Tissot-Couturier-Powermatic-80-Automatic-Mens-Watch-T0354071105101/382633853531?epid=2255499543&hash=item5916c1425b:g:kzsAAOSwvytcCljn
 Invicta S1 Rally 28570 Men's Round Analog Chronograph Date Silicone Watch,$49.99,US,,https://www.ebay.com/itm/Invicta-S1-Rally-28570-Mens-Round-Analog-Chronograph-Date-Silicone-Watch/193619960875?epid=17027293500&hash=item2d14a6242b:g:~yYAAOSwtold6Znl
 6.11 New Solar Watch Men Alloy Quartz Dual Time Mens Watches Waterproof Wristw,$118.34,AU,,https://www.ebay.com/itm/6-11-New-Solar-Watch-Men-Alloy-Quartz-Dual-Time-Mens-Watches-Waterproof-Wristwat/154041758975?_trkparms=ispr%3D1&hash=item23dd9ab4ff:g:rO4AAOSwKZxfMkko&enc=AQAFAAACcBaobrjLl8XobRIiIML1V4Imu%2Fn%2BzU5L90Z278x5ickkxGz2ccqatkEnoeekHqhLke1ccd%2F65lN8WkAobQ12ckP6hOkgc3ZORXsh6oVVkhuY5t8FfCyrm%2Fagc5mfxaDnQqv5hYoGrHW5YNudS9ejdtLIZbZsO%2BkInmFTgwykp6K2akH77RCQrTiF3JZrYkR0ndMuy6suJWQwi26AKGrZ4gOJr6iRgyVVRx81jhz4SCTc74Oy3hP6n%2FiO07SeZiFWxPLREBNoI2njLoAxjniA34Rln0DsSHv7mBdIRF3N3CDYLs9m2dsfTQQUP%2FfOVpskKo1uwoJR1KB6oQaShZwYiuI0rQHsiCfOdmYQ6bhIXtFp9kjZQPdI57Ek4S1OO%2FwsD32z6OrX0t0k7h1DmP4JQY7by6VWy7PwfvA8dmZqmT4WwAO433lqWr%2BIaDdDY1Fs6OAUpiASej%2FpQolRvl4duD%2B225Xr9F9gomwSTbJxm5NsqarIaCHIw7MNzrOFDI2tmeP8T2isDZPqysZ78of32vVsvSMWqHFyh4DBwuatw0gxcoLzhvqyE1tAPI43y2AJzqwX1xZxImjZq6rpnreZ6Om2GNx2HNfDlbBppBF5DbjTaoLZWt4Ifm6SXEl6SElgWYJP%2FTnHRYxSWt%2F22Iv8FxVzfz3hy%2B%2B4k0csNsqlZMi%2BFGom%2FWDuFg3C548Vwk%2FCnNkOPcQR0Ac7vY2hD4HVjVWVg8FbrpjFyNMHkqkj9TPZkmPln6%2FmlVUYcqx9mXj7m2yRpALlD1WgPZBu%2BeSzA3hpg7KAL7K1Hbu4%2FdRqubnhE%2FSmDbsOaFUYhvxVybxvpQ%3D%3D&checksum=154041758975b9ef3ec8b2274507b10ed08bc4b3ab8e
 OCHSTIN Man WristWatch Chronograph Sport Men Watch Military Army Top Brand Luxur,$68.94,AU,,https://www.ebay.com/itm/OCHSTIN-Man-WristWatch-Chronograph-Sport-Men-Watch-Military-Army-Top-Brand-Luxur/154041760756?_trkparms=ispr%3D1&hash=item23dd9abbf4:g:TDgAAOSwY8JfMkm9&enc=AQAFAAACcBaobrjLl8XobRIiIML1V4Imu%2Fn%2BzU5L90Z278x5ickkxGz2ccqatkEnoeekHqhLkREin0QlImvRe8jqINKVcGBwxCFL1dUGh1qn8rqLh1Sy8otuV%2BvBEaGVRav0cY9VPCPsJqXgBdcwWQCKxgQhqcXnedkZnaIsGRrKk5LPcwlce5NIeTGQzXvTyZL3ffFCJQ%2FU8xt0v%2F%2FPZFD3%2BjWGDY%2BMykiX1XKMuUWB5T5tZZ4GNOjrWxe2kElijoHNMRSGa4SaO0zVlMs82a2r%2B%2F3ZTKgEUyuo%2BEiBnB1SsoWJZVv%2B6zzol5X%2B42Nrr2SE8F%2Feaz9JQOZh%2FfxJp70Qahh%2B%2FeuTy1tsyWt%2FbMQ5jxM6d5leuZOAwf%2B9VxX046sO8oM%2BNULR4tx3cyXAdoBKdBA5x3MP6xM922bJmjGmzhAoZGk%2Fu%2Ff71VJCnfWSJ8QXsSr3A5Soraw%2BsraMKRGugHyXJcXfVd%2FAnC0u66hE1SPSOd%2F08Nuem3jGUOoWPkdZwSH1n%2FL1295Z6KR%2Brw90a1u%2BmmxvNuIpY5ebibUDkau9S0kUHc2w6m7AlKZV7yvV8jzt3sHC4NQG0kbWe309bqHleg01%2BwREum2RZzwM7AFWQkIpsRMxjwRYTIvcLkYz3Pv1rtF7c8M5hE2gzdjBfmtHISrJ8B1fTYK5BTpVx4Vwg4pDxoeUxrIjZZyx50J%2BK4JPDJSsbOhsVfk4haPmCEsxwtXsiXV64EDDeqxvck5RFYaW27PNWpF4VBiFLFxQNXLCsxxdRv6RC1jT8cnehmwRJV5FQTKQVNc9b8CySDxRHfO3iOHmTJgKNT97UybFveA7dA%3D%3D&checksum=154041760756b9ef3ec8b2274507b10ed08bc4b3ab8e
